{
	"info": {
		"_postman_id": "22332d0d-5a8d-41ca-86fb-f641000ab75f",
		"name": "CathayTQA_Homework",
		"schema": "https://schema.getpostman.com/json/collection/v2.1.0/collection.json"
	},
	"item": [
		{
			"name": "People",
			"event": [
				{
					"listen": "test",
					"script": {
						"id": "db3d6a2c-37c6-4a65-b6f9-3d9c0c7bd632",
						"exec": [
							"eval(environment.getResponseJson);",
							"",
							"//http code 200",
							"pm.test(\"Verify response code 200\", function () {",
							"    pm.response.to.have.status(200)",
							"});",
							"//height > var_height",
							"height = parseInt(jsonData.height)",
							"pm.test(\"Check height value bigger than var_height\", function () {",
							"    pm.expect(height).to.be.above(parseInt(pm.environment.get(\"var_height\")))",
							"});",
							"//Vehicles = var_vehicles_count",
							"vehicles = jsonData.vehicles.length",
							"pm.test(\"Check Vehicles value equal var_vehicles_count\", function () {",
							"    pm.expect(vehicles).to.equal(parseInt(pm.environment.get(\"var_vehicles_count\")))",
							"});"
						],
						"type": "text/javascript"
					}
				}
			],
			"request": {
				"method": "GET",
				"header": [],
				"url": {
					"raw": "https://swapi.co/api/people/{{var_people_id}}",
					"protocol": "https",
					"host": [
						"swapi",
						"co"
					],
					"path": [
						"api",
						"people",
						"{{var_people_id}}"
					]
				}
			},
			"response": []
		},
		{
			"name": "Films",
			"event": [
				{
					"listen": "test",
					"script": {
						"id": "d111121e-01c4-4fb7-a6f5-6c5b39e766e6",
						"exec": [
							"eval(environment.getResponseJson);",
							"",
							"//http code 200",
							"pm.test(\"Verify response code 200\", function () {",
							"    pm.response.to.have.status(200)",
							"});",
							"",
							"//API 1 starships in API 2 response",
							"API_1_starships = jsonData.results[0].starships.length",
							"API_2_starships = jsonData.results[1].starships.length",
							"",
							"pm.test(\"API 2 contain API 1 starships\", () => {",
							"    _.each(pm.response.json(), (arrItem) => {",
							"    for(var i=0; i<API_1_starships ; i++){",
							"        pm.expect(jsonData.results[1].starships).to.include(jsonData.results[0].starships[i]);",
							"    }",
							"    })",
							"})",
							"",
							"//API 2 starships bigger than API 1",
							"pm.test(\"Check API 2 starships number bigger than API 1\", function () {",
							"    pm.expect(API_2_starships).to.be.above(API_1_starships)",
							"});",
							""
						],
						"type": "text/javascript"
					}
				}
			],
			"request": {
				"method": "GET",
				"header": [],
				"url": {
					"raw": "https://swapi.co/api/films/",
					"protocol": "https",
					"host": [
						"swapi",
						"co"
					],
					"path": [
						"api",
						"films",
						""
					]
				}
			},
			"response": []
		}
	]
}