{
	"id": "b8d81fe7-72db-4d84-97c8-112cb920d3e7",
	"name": "StarWarAPI",
	"values": [
		{
			"key": "var_people_id",
			"value": "1",
			"enabled": true
		},
		{
			"key": "var_vehicles_count",
			"value": "2",
			"enabled": true
		},
		{
			"key": "var_height",
			"value": "100",
			"enabled": true
		},
		{
			"key": "var_flims_id",
			"value": "1",
			"enabled": true
		},
		{
			"key": "getResponseJson",
			"value": "var jsonData = JSON.parse(responseBody);",
			"enabled": true
		},
		{
			"key": "assertEqual",
			"value": "var assertequal = (actual, expected, msg) =>{tests[`${msg} ${actual} equal ${expected}`] = actual ===expected;};",
			"enabled": true
		}
	],
	"_postman_variable_scope": "environment",
	"_postman_exported_at": "2019-09-10T09:11:51.990Z",
	"_postman_exported_using": "Postman/7.5.0"
}